"Date","Price","Open","High","Low","Vol.","Change %"
"03/17/2023","996.00","982.70","1004.95","981.20","","1.37%"
"03/16/2023","982.50","968.90","983.90","965.10","","1.26%"
"03/15/2023","970.30","988.90","997.70","953.00","23.07K","-2.71%"
"03/14/2023","997.30","1009.40","1009.50","983.30","25.81K","-0.76%"
"03/13/2023","1004.90","965.30","1012.00","960.40","31.10K","3.96%"
"03/12/2023","966.65","964.65","975.85","964.65","","0.46%"
"03/10/2023","962.20","946.10","975.80","933.00","25.70K","1.36%"
"03/09/2023","949.30","939.10","962.50","934.00","23.37K","0.92%"
"03/08/2023","940.60","934.60","949.70","931.90","18.66K","0.46%"
"03/07/2023","936.30","978.60","983.70","931.00","27.42K","-4.32%"
"03/06/2023","978.60","984.00","984.00","966.00","22.30K","0.09%"
"03/05/2023","977.70","983.65","983.65","977.70","","-0.17%"
"03/03/2023","979.40","964.40","986.30","964.40","21.49K","1.68%"
"03/02/2023","963.20","959.60","967.70","948.90","15.43K","0.15%"
"03/01/2023","961.80","955.70","973.40","951.20","24.59K","0.66%"
"02/28/2023","955.50","941.10","962.10","931.50","20.19K","1.44%"
"02/27/2023","941.90","909.10","953.50","903.90","24.31K","3.36%"
"02/26/2023","911.25","907.90","912.25","905.50","","0.40%"
"02/24/2023","907.60","947.40","952.00","906.30","22.36K","-3.98%"
"02/23/2023","945.20","950.95","963.45","940.90","","-0.82%"
"02/22/2023","953.00","945.60","963.85","936.75","","0.79%"
"02/21/2023","945.55","928.90","949.80","921.80","","1.78%"
"02/20/2023","929.00","918.50","942.25","916.25","","1.14%"
"02/19/2023","918.55","916.55","921.30","916.55","","-0.31%"
"02/17/2023","921.40","922.00","924.50","907.80","","-1.03%"
"02/16/2023","931.00","917.80","933.50","909.00","","1.44%"
"02/15/2023","917.80","937.50","938.20","915.40","","-2.28%"
"02/14/2023","939.20","960.20","964.30","931.80","26.56K","-2.11%"
"02/13/2023","959.40","950.50","963.10","938.10","","0.97%"
"02/12/2023","950.15","950.45","951.55","949.45","","-0.17%"
"02/10/2023","951.80","960.40","972.50","949.00","","-1.29%"
"02/09/2023","964.20","978.40","992.80","957.50","","-2.33%"
"02/08/2023","987.20","981.00","996.80","975.80","","0.10%"
"02/07/2023","986.20","978.10","988.30","968.00","","1.19%"
"02/06/2023","974.60","981.50","989.90","971.40","23.78K","-0.82%"
"02/05/2023","982.65","980.25","984.25","977.50","","0.24%"
"02/03/2023","980.30","1031.50","1042.40","977.90","","-5.06%"
"02/02/2023","1032.60","1014.00","1046.70","1012.00","","3.08%"
"02/01/2023","1001.70","1020.70","1023.40","997.00","","-1.90%"
"01/31/2023","1021.10","1017.50","1026.70","996.90","21.97K","0.05%"
"01/30/2023","1020.60","1017.70","1025.80","1011.50","","-0.17%"
"01/29/2023","1022.35","1018.65","1022.45","1017.90","","0.55%"
"01/27/2023","1016.80","1025.10","1029.60","1004.10","","-0.61%"
"01/26/2023","1023.00","1047.00","1050.40","1021.30","","-2.21%"
"01/25/2023","1046.10","1066.60","1067.10","1038.60","","-1.94%"
"01/24/2023","1066.80","1058.00","1068.80","1050.70","","0.99%"
"01/23/2023","1056.30","1055.50","1059.50","1035.90","","0.45%"
"01/22/2023","1051.60","1051.95","1054.70","1051.10","","0.36%"
"01/20/2023","1047.80","1043.50","1060.40","1026.40","","0.64%"
"01/19/2023","1041.10","1046.10","1052.60","1015.00","","-0.25%"
"01/18/2023","1043.70","1047.20","1085.10","1036.50","","-0.31%"
"01/17/2023","1046.90","1074.70","1082.10","1044.10","","-2.32%"
"01/16/2023","1071.80","1074.50","1082.15","1061.35","","-0.25%"
"01/15/2023","1074.45","1075.65","1077.45","1074.40","","0.18%"
"01/13/2023","1072.50","1079.60","1086.00","1055.10","","-1.09%"
"01/12/2023","1084.30","1081.50","1092.50","1067.00","","0.00%"
"01/11/2023","1084.30","1090.10","1117.00","1078.80","","-0.39%"
"01/10/2023","1088.50","1091.30","1097.90","1082.50","","-0.92%"
"01/09/2023","1098.60","1109.50","1115.60","1089.30","","-1.33%"
"01/08/2023","1113.45","1105.15","1114.95","1105.15","","0.83%"
"01/06/2023","1104.30","1070.40","1107.00","1057.30","","3.24%"
"01/05/2023","1069.60","1091.90","1099.70","1066.10","","-2.08%"
"01/04/2023","1092.30","1095.70","1112.10","1086.90","","-0.09%"
"01/03/2023","1093.30","1086.90","1108.70","1080.80","","0.70%"
"01/02/2023","1085.75","1085.85","1095.35","1083.10","","0.26%"
"12/30/2022","1082.90","1069.80","1087.60","1063.10","","1.68%"
"12/29/2022","1065.00","1018.60","1074.10","1016.60","","4.43%"
"12/28/2022","1019.80","1028.75","1045.55","1015.15","","-1.25%"
"12/27/2022","1032.70","1032.60","1047.60","1014.00","","-0.32%"
"12/26/2022","1036.00","1039.65","1043.95","1034.80","","0.62%"
"12/23/2022","1029.60","982.70","1035.10","979.50","16.45K","4.57%"
"12/22/2022","984.60","1002.60","1009.60","971.40","20.62K","-1.74%"
"12/21/2022","1002.00","1013.30","1017.50","996.60","15.63K","-1.09%"
"12/20/2022","1013.00","986.00","1019.80","979.00","26.55K","2.56%"
"12/19/2022","987.70","999.30","1013.40","982.00","19.45K","-1.41%"
"12/18/2022","1001.85","999.30","1003.35","998.10","","0.18%"
"12/16/2022","1000.00","1015.20","1021.20","996.80","17.57K","-1.30%"
"12/15/2022","1013.20","1039.40","1039.40","1010.50","18.87K","-2.45%"
"12/14/2022","1038.70","1042.60","1047.80","1028.10","17.28K","-0.02%"
"12/13/2022","1038.90","1009.00","1056.00","1006.00","23.15K","3.07%"
"12/12/2022","1008.00","1033.00","1035.80","1002.80","20.37K","-1.91%"
"12/11/2022","1027.60","1036.20","1041.70","1027.25","","-0.83%"
"12/09/2022","1036.20","1014.30","1040.70","1001.60","21.30K","2.13%"
"12/08/2022","1014.60","1012.80","1021.60","1005.60","13.25K","0.31%"
"12/07/2022","1011.50","996.10","1024.90","985.50","18.89K","1.62%"
"12/06/2022","995.40","1006.60","1013.30","991.50","16.23K","-1.20%"
"12/05/2022","1007.50","1025.50","1038.20","1002.90","17.29K","-2.32%"
"12/04/2022","1031.40","1024.45","1031.60","1024.10","","0.47%"
"12/02/2022","1026.60","1055.60","1058.60","1010.10","26.41K","-2.68%"
"12/01/2022","1054.90","1045.90","1066.80","1037.80","25.93K","1.50%"
"11/30/2022","1039.30","1012.40","1051.70","1010.10","28.62K","3.04%"
"11/29/2022","1008.60","998.90","1018.50","995.40","18.19K","-0.37%"
"11/28/2022","1012.30","984.35","1013.55","978.80","","2.84%"
"11/27/2022","984.30","986.05","986.50","982.30","","-1.65%"
"11/25/2022","1000.80","997.00","1000.85","982.15","","0.39%"
"11/24/2022","996.90","1007.75","1009.30","993.15","","-1.28%"
"11/23/2022","1009.80","1015.00","1015.00","1015.00","0.00K","0.11%"
"11/22/2022","1008.70","989.95","1007.60","989.35","","1.89%"
"11/21/2022","989.95","987.85","995.20","970.60","","0.22%"
"11/20/2022","987.80","986.50","988.00","985.70","","0.36%"
"11/18/2022","984.30","992.00","997.80","980.80","","-0.73%"
"11/17/2022","991.50","1016.00","1019.30","985.00","19.54K","-2.43%"
"11/16/2022","1016.20","1025.00","1034.40","1011.50","","-0.61%"
"11/15/2022","1022.40","1029.60","1051.50","1017.00","","-1.03%"
"11/14/2022","1033.00","1049.20","1049.20","1013.60","","-1.05%"
"11/13/2022","1043.95","1045.75","1045.90","1038.90","","-0.08%"
"11/11/2022","1044.75","1046.75","1074.15","1035.30","","-0.21%"
"11/10/2022","1047.00","997.90","1058.20","995.20","","4.90%"
"11/09/2022","998.10","1011.90","1024.60","991.55","","-1.37%"
"11/08/2022","1011.95","990.05","1015.80","979.20","","2.28%"
"11/07/2022","989.40","964.70","993.40","953.30","","3.33%"
"11/06/2022","957.50","968.35","968.35","956.50","","-0.31%"
"11/04/2022","960.50","922.00","970.20","918.90","","3.94%"
"11/03/2022","924.10","935.00","945.80","912.60","","-2.82%"
"11/02/2022","950.90","952.70","964.80","939.00","","0.04%"
"11/01/2022","950.50","931.40","963.00","930.80","","2.19%"
"10/31/2022","930.10","947.10","952.60","928.30","","-2.21%"
"10/30/2022","951.15","947.85","951.95","945.40","","0.50%"
"10/28/2022","946.40","965.00","969.70","943.00","","-2.17%"
"10/27/2022","967.40","959.40","974.10","948.30","","0.51%"
"10/26/2022","962.50","920.30","965.10","915.80","","4.65%"
"10/25/2022","919.70","930.10","933.40","907.60","15.74K","-0.74%"
"10/24/2022","926.60","935.10","949.80","922.90","","-1.58%"
"10/23/2022","941.45","936.30","949.70","935.10","","0.81%"
"10/21/2022","933.90","915.20","937.50","891.40","","2.05%"
"10/20/2022","915.10","881.50","918.90","875.00","21.96K","3.86%"
"10/19/2022","881.10","907.50","911.60","880.10","","-2.89%"
"10/18/2022","907.30","915.00","925.10","902.40","15.57K","-0.69%"
"10/17/2022","913.60","896.90","922.50","896.50","","1.10%"
"10/16/2022","903.65","898.25","904.45","896.85","","0.98%"
"10/14/2022","894.90","900.00","912.40","891.10","","-0.17%"
"10/13/2022","896.40","882.90","903.10","861.90","","1.75%"
"10/12/2022","881.00","889.90","897.80","878.30","16.11K","-2.01%"
"10/11/2022","899.10","900.60","906.20","884.10","","0.37%"
"10/10/2022","895.80","914.30","916.00","893.20","","-2.07%"
"10/09/2022","914.70","913.55","916.25","911.40","","-0.35%"
"10/07/2022","917.90","924.00","939.80","912.50","","-0.42%"
"10/06/2022","921.80","919.50","932.20","916.90","","0.79%"
"10/05/2022","914.60","940.00","940.00","903.10","","-2.05%"
"10/04/2022","933.70","900.50","941.20","899.60","","3.73%"
"10/03/2022","900.10","856.80","903.80","856.20","20.63K","4.54%"
"10/02/2022","861.00","862.00","862.95","859.45","","0.01%"
"09/30/2022","860.90","865.90","876.10","855.00","","-0.07%"
"09/29/2022","861.50","858.00","868.50","843.60","0.17K","-0.45%"
"09/28/2022","865.40","841.55","864.85","827.20","","3.06%"
"09/27/2022","839.70","844.10","858.00","838.00","","-0.62%"
"09/26/2022","844.90","850.70","864.20","841.80","13.83K","-1.52%"
"09/25/2022","857.95","851.10","858.10","845.15","","0.17%"
"09/23/2022","856.50","898.20","902.40","850.60","14.28K","-4.73%"
"09/22/2022","899.00","907.80","912.00","891.00","9.20K","-1.39%"
"09/21/2022","911.70","916.20","934.30","904.50","9.17K","-0.31%"
"09/20/2022","914.50","919.10","927.30","910.90","6.88K","0.21%"
"09/19/2022","912.60","903.10","919.90","891.20","4.26K","0.48%"
"09/18/2022","908.25","905.95","909.40","903.70","","1.36%"
"09/16/2022","896.10","898.30","901.90","879.90","4.90K","-0.68%"
"09/15/2022","902.20","901.90","916.80","895.50","4.02K","-0.25%"
"09/14/2022","904.50","873.80","910.00","873.70","5.52K","2.39%"
"09/13/2022","883.40","903.50","914.00","873.40","5.24K","-2.30%"
"09/12/2022","904.20","875.90","905.30","867.30","3.85K","3.48%"
"09/11/2022","873.75","874.50","877.10","872.45","","-0.43%"
"09/09/2022","877.50","869.50","882.40","865.60","3.46K","1.27%"
"09/08/2022","866.50","855.30","874.30","848.30","5.59K","2.11%"
"09/07/2022","848.60","840.00","856.00","830.00","3.51K","1.42%"
"09/06/2022","836.70","818.00","848.50","818.00","3.82K","0.58%"
"09/05/2022","831.85","815.75","834.15","815.40","","2.01%"
"09/04/2022","815.45","819.20","822.05","813.50","","-0.83%"
"09/02/2022","822.30","812.20","831.10","810.00","2.79K","1.51%"
"09/01/2022","810.10","828.20","831.20","801.20","3.07K","-2.59%"
"08/31/2022","831.60","836.90","846.00","827.00","1.90K","-0.60%"
"08/30/2022","836.60","857.80","857.80","834.80","2.76K","-2.24%"
"08/29/2022","855.80","847.70","861.70","835.70","","0.95%"
"08/28/2022","847.75","853.50","853.65","840.50","","-1.39%"
"08/26/2022","859.70","878.10","880.70","855.80","1.55K","-2.10%"
"08/25/2022","878.10","872.10","882.30","869.80","1.44K","0.86%"
"08/24/2022","870.60","874.80","880.60","862.90","1.51K","-0.81%"
"08/23/2022","877.70","868.90","883.70","859.00","0.80K","0.95%"
"08/22/2022","869.40","890.00","893.20","859.90","0.83K","-1.83%"
"08/21/2022","885.65","885.60","889.65","885.10","","-0.42%"
"08/19/2022","889.40","906.50","906.50","880.00","0.73K","-1.82%"
"08/18/2022","905.90","921.70","928.20","905.70","0.20K","-1.53%"
"08/17/2022","920.00","934.30","934.30","916.00","0.25K","-1.29%"
"08/16/2022","932.00","929.50","942.10","922.00","0.44K","-0.33%"
"08/15/2022","935.10","965.20","965.20","922.40","0.21K","-2.65%"
"08/14/2022","960.60","964.80","965.25","960.50","","-0.03%"
"08/12/2022","960.90","955.00","963.70","946.80","0.16K","0.02%"
"08/11/2022","960.70","944.40","975.50","944.40","0.57K","1.38%"
"08/10/2022","947.60","934.30","950.50","926.60","0.32K","1.43%"
"08/09/2022","934.20","943.90","943.90","931.60","0.24K","-0.61%"
"08/08/2022","939.90","930.20","950.00","920.00","0.24K","1.41%"
"08/07/2022","926.80","929.35","930.00","926.80","","0.08%"
"08/05/2022","926.10","927.00","941.70","920.80","0.38K","0.01%"
"08/04/2022","926.00","892.00","928.30","892.00","0.30K","4.03%"
"08/03/2022","890.10","886.00","897.00","883.60","0.28K","-1.80%"
"08/02/2022","906.40","905.90","913.50","892.50","0.28K","0.32%"
"08/01/2022","903.50","888.80","912.00","888.50","0.16K","2.01%"
"07/31/2022","885.70","890.00","890.80","884.00","","-0.66%"
"07/29/2022","891.60","882.40","900.40","880.00","0.28K","1.48%"
"07/28/2022","878.60","883.50","890.70","873.00","0.23K","0.16%"
"07/27/2022","877.20","863.40","883.90","860.30","11.92K","1.48%"
"07/26/2022","864.40","869.60","881.40","858.50","11.30K","-0.56%"
"07/25/2022","869.30","865.00","874.80","853.60","10.99K","1.14%"
"07/24/2022","859.50","862.80","863.90","858.90","","-0.89%"
"07/22/2022","867.20","862.10","878.10","857.50","12.20K","0.99%"
"07/21/2022","858.70","841.80","864.40","831.10","14.43K","1.44%"
"07/20/2022","846.50","862.40","871.00","841.00","11.66K","-1.44%"
"07/19/2022","858.90","851.50","872.30","842.60","12.05K","0.34%"
"07/18/2022","856.00","833.80","863.70","830.70","14.19K","2.47%"
"07/17/2022","835.40","836.00","836.20","832.85","","0.54%"
"07/15/2022","830.90","823.80","834.40","814.10","11.31K","1.66%"
"07/14/2022","817.30","835.20","836.10","806.70","16.61K","-2.45%"
"07/13/2022","837.80","825.80","842.10","815.80","16.68K","1.17%"
"07/12/2022","828.10","859.00","859.00","825.80","17.20K","-3.79%"
"07/11/2022","860.70","884.60","886.00","856.90","14.25K","-2.53%"
"07/10/2022","883.05","880.30","885.25","880.20","","0.03%"
"07/08/2022","882.80","863.80","891.60","854.60","15.94K","1.96%"
"07/07/2022","865.80","842.80","869.10","836.70","15.78K","2.96%"
"07/06/2022","840.90","853.10","856.40","832.00","17.80K","-1.15%"
"07/05/2022","850.70","878.30","878.70","837.60","27.83K","-2.79%"
"07/04/2022","875.10","872.25","878.30","866.90","","0.36%"
"07/03/2022","872.00","877.15","878.60","871.90","","0.08%"
"07/01/2022","871.30","884.60","890.20","850.10","23.96K","-2.68%"
"06/30/2022","895.30","911.40","918.10","879.20","21.40K","-1.60%"
"06/29/2022","909.90","906.80","933.00","905.20","15.96K","0.18%"
"06/28/2022","908.30","899.80","923.30","898.05","","0.89%"
"06/27/2022","900.30","904.70","911.90","888.10","16.54K","-0.50%"
"06/26/2022","904.80","907.40","908.55","904.05","","0.17%"
"06/24/2022","903.30","902.50","917.40","900.20","14.05K","-0.04%"
"06/23/2022","903.70","927.00","928.70","902.60","12.40K","-2.42%"
"06/22/2022","926.10","940.10","940.10","921.40","9.76K","-1.42%"
"06/21/2022","939.40","931.40","954.70","925.00","7.80K","0.98%"
"06/20/2022","930.30","932.70","943.85","924.55","","-0.26%"
"06/19/2022","932.75","931.50","933.50","930.95","","0.21%"
"06/17/2022","930.80","949.70","951.70","928.70","3.16K","-2.15%"
"06/16/2022","951.30","937.50","952.40","920.60","5.84K","2.79%"
"06/15/2022","925.50","914.90","949.60","913.50","5.80K","1.35%"
"06/14/2022","913.20","929.80","941.70","910.80","6.29K","-2.37%"
"06/13/2022","935.40","974.30","975.60","927.00","5.28K","-3.57%"
"06/12/2022","970.00","973.55","973.55","968.40","","-0.30%"
"06/10/2022","972.90","972.50","977.80","955.00","4.50K","-0.51%"
"06/09/2022","977.90","1010.20","1011.80","971.50","4.49K","-3.52%"
"06/08/2022","1013.60","1016.10","1018.00","1001.20","4.44K","-0.13%"
"06/07/2022","1014.90","1023.10","1023.70","1003.30","5.25K","-1.61%"
"06/06/2022","1031.50","1020.70","1039.00","1020.10","3.75K","1.24%"
"06/05/2022","1018.90","1018.20","1021.35","1018.10","","0.11%"
"06/03/2022","1017.80","1023.90","1036.90","1013.30","2.88K","-1.11%"
"06/02/2022","1029.20","995.00","1029.70","989.50","1.82K","3.16%"
"06/01/2022","997.70","963.10","1007.00","959.50","2.82K","2.93%"
"05/31/2022","969.30","948.40","971.50","945.00","1.12K","2.23%"
"05/30/2022","948.20","943.35","953.40","940.60","","0.33%"
"05/27/2022","945.10","940.20","948.40","938.30","1.59K","0.75%"
"05/26/2022","938.10","936.95","939.60","924.10","","0.78%"
"05/25/2022","930.80","945.60","945.80","923.90","1.59K","-1.44%"
"05/24/2022","944.40","947.20","956.10","938.20","1.38K","-0.71%"
"05/23/2022","951.20","949.70","971.80","947.50","1.45K","-0.12%"
"05/22/2022","952.30","952.80","952.85","948.90","","1.21%"
"05/20/2022","940.90","954.40","960.70","939.10","0.31K","-1.32%"
"05/19/2022","953.50","923.80","957.60","910.00","0.49K","3.08%"
"05/18/2022","925.00","940.60","957.00","920.00","0.27K","-2.01%"
"05/17/2022","944.00","931.20","948.90","927.00","0.35K","1.84%"
"05/16/2022","926.90","934.40","941.00","917.80","0.44K","-0.90%"
"05/15/2022","935.30","932.75","935.80","931.40","","0.41%"
"05/13/2022","931.50","932.70","950.80","923.80","0.39K","-0.01%"
"05/12/2022","931.60","983.00","984.00","930.00","0.48K","-5.77%"
"05/11/2022","988.60","950.00","990.00","950.00","0.64K","4.48%"
"05/10/2022","946.20","933.80","968.20","931.00","0.79K","0.92%"
"05/09/2022","937.60","942.00","943.20","914.00","0.67K","-0.64%"
"05/08/2022","943.65","948.20","948.50","940.00","","-1.31%"
"05/06/2022","956.20","961.70","961.70","942.00","0.46K","-1.77%"
"05/05/2022","973.40","984.40","992.00","960.70","0.34K","-0.63%"
"05/04/2022","979.60","959.30","987.10","959.20","1.25K","2.13%"
"05/03/2022","959.20","933.10","966.00","932.90","0.43K","2.72%"
"05/02/2022","933.80","937.30","938.40","911.00","0.23K","0.36%"
"05/01/2022","930.45","929.10","937.00","926.35","","-1.07%"
"04/29/2022","940.50","910.50","942.90","910.30","0.30K","2.98%"
"04/28/2022","913.30","911.70","928.00","903.20","0.43K","0.32%"
"04/27/2022","910.40","913.90","930.00","895.40","19.58K","-0.19%"
"04/26/2022","912.10","911.70","921.50","901.70","17.34K","0.78%"
"04/25/2022","905.00","924.00","927.90","901.40","25.77K","-2.22%"
"04/24/2022","925.50","925.80","927.70","923.35","","-0.20%"
"04/22/2022","927.40","967.70","969.00","923.00","29.59K","-4.17%"
"04/21/2022","967.80","987.60","991.30","965.00","12.70K","-1.95%"
"04/20/2022","987.00","991.30","993.20","973.00","11.64K","-0.17%"
"04/19/2022","988.70","1017.00","1026.40","982.30","17.80K","-3.12%"
"04/18/2022","1020.50","995.00","1024.90","991.20","12.77K","2.03%"
"04/17/2022","1000.15","992.85","1002.00","991.60","","0.91%"
"04/15/2022","991.10","991.10","991.10","991.10","","-0.31%"
"04/14/2022","994.20","989.00","996.00","972.20","11.02K","0.46%"
"04/13/2022","989.60","968.30","991.00","966.40","12.28K","1.77%"
"04/12/2022","972.40","980.40","987.50","960.50","13.92K","-0.55%"
"04/11/2022","977.80","976.30","997.00","973.70","11.96K","-0.05%"
"04/10/2022","978.30","976.95","982.80","976.95","","0.28%"
"04/08/2022","975.60","962.80","988.70","959.00","14.60K","1.84%"
"04/07/2022","958.00","954.10","965.00","941.40","14.66K","0.51%"
"04/06/2022","953.10","970.10","975.30","950.00","19.69K","-2.06%"
"04/05/2022","973.10","990.70","992.40","968.00","14.48K","-1.81%"
"04/04/2022","991.00","989.30","1002.00","983.60","11.33K","0.20%"
"04/03/2022","989.00","991.85","992.30","987.55","","0.04%"
"04/01/2022","988.60","987.10","1004.20","985.70","13.26K","-0.72%"
"03/31/2022","995.80","998.60","1000.60","982.10","12.68K","-0.54%"
"03/30/2022","1001.20","986.20","1009.00","984.40","15.46K","2.48%"
"03/29/2022","977.00","986.85","989.60","954.05","","-1.69%"
"03/28/2022","993.80","1010.30","1011.20","984.70","13.16K","-1.06%"
"03/27/2022","1004.40","1007.30","1008.65","1003.00","","-0.62%"
"03/25/2022","1010.70","1032.00","1039.90","1004.90","9.75K","-2.23%"
"03/24/2022","1033.70","1028.80","1041.90","1017.00","8.38K","1.02%"
"03/23/2022","1023.30","1029.00","1035.30","1017.60","6.02K","-0.32%"
"03/22/2022","1026.60","1042.50","1049.30","1018.10","4.78K","-1.79%"
"03/21/2022","1045.30","1031.50","1049.90","1026.00","6.12K","1.46%"
"03/20/2022","1030.30","1029.10","1033.55","1028.25","","-0.56%"
"03/18/2022","1036.10","1027.00","1043.00","1024.80","4.08K","0.51%"
"03/17/2022","1030.80","1019.10","1034.90","1014.20","2.83K","2.28%"
"03/16/2022","1007.80","986.00","1023.10","984.50","3.62K","0.52%"
"03/15/2022","1002.60","1042.00","1042.00","983.40","5.80K","-4.59%"
"03/14/2022","1050.80","1093.60","1094.20","1035.90","3.41K","-2.44%"
"03/13/2022","1077.10","1090.70","1100.00","1075.40","","-0.83%"
"03/11/2022","1086.10","1080.40","1096.60","1063.90","3.19K","-0.61%"
"03/10/2022","1092.80","1101.20","1111.90","1077.60","3.20K","-1.18%"
"03/09/2022","1105.80","1170.60","1187.20","1086.00","6.75K","-3.96%"
"03/08/2022","1151.40","1125.90","1190.00","1120.00","5.28K","3.17%"
"03/07/2022","1116.00","1126.00","1161.40","1105.20","3.86K","-3.10%"
"03/06/2022","1151.70","1124.40","1155.55","1124.40","","3.14%"
"03/04/2022","1116.60","1081.10","1128.00","1072.00","2.89K","3.30%"
"03/03/2022","1080.90","1075.00","1095.10","1070.20","2.61K","1.19%"
"03/02/2022","1068.20","1058.00","1077.50","1053.50","1.84K","1.45%"
"03/01/2022","1052.90","1045.90","1067.20","1042.20","2.20K","1.26%"
"02/28/2022","1039.80","1075.10","1078.80","1035.90","1.25K","-2.14%"
"02/27/2022","1062.55","1058.40","1078.10","1058.40","","1.09%"
"02/25/2022","1051.10","1060.00","1067.60","1049.40","2.02K","-1.06%"
"02/24/2022","1062.40","1096.95","1131.60","1040.30","","-2.75%"
"02/23/2022","1092.40","1081.40","1097.50","1079.40","1.51K","0.57%"
"02/22/2022","1086.20","1071.00","1095.00","1071.00","1.52K","-0.03%"
"02/21/2022","1086.55","1079.45","1089.40","1070.10","","0.68%"
"02/20/2022","1079.20","1071.50","1080.60","1070.60","","0.17%"
"02/18/2022","1077.40","1090.50","1098.20","1067.40","1.96K","-1.33%"
"02/17/2022","1091.90","1062.70","1095.20","1057.30","0.70K","2.73%"
"02/16/2022","1062.90","1021.80","1065.40","1021.40","0.45K","4.19%"
"02/15/2022","1020.20","1030.60","1035.00","1006.90","0.42K","-0.83%"
"02/14/2022","1028.70","1039.90","1043.80","1022.00","0.59K","-0.92%"
"02/13/2022","1038.25","1030.35","1039.15","1025.55","","1.83%"
"02/11/2022","1019.60","1026.20","1036.20","1009.00","0.85K","-2.24%"
"02/10/2022","1043.00","1035.50","1058.60","1017.60","0.57K","0.47%"
"02/09/2022","1038.10","1033.10","1042.30","1024.00","0.86K","0.12%"
"02/08/2022","1036.90","1021.50","1036.80","1005.10","0.32K","1.59%"
"02/07/2022","1020.70","1028.30","1029.70","1011.00","1.75K","-0.65%"
"02/06/2022","1027.40","1023.70","1028.80","1023.70","","0.27%"
"02/04/2022","1024.60","1036.00","1037.40","1013.90","3.13K","-0.55%"
"02/03/2022","1030.30","1037.30","1041.20","1020.50","2.33K","-1.24%"
"02/02/2022","1043.20","1030.00","1046.60","1026.70","0.17K","2.01%"
"02/01/2022","1022.60","1019.70","1045.90","1019.70","0.24K","0.26%"
"01/31/2022","1019.90","1011.90","1023.00","1010.30","0.20K","1.07%"
"01/30/2022","1009.10","1012.55","1012.55","1007.35","","0.27%"
"01/28/2022","1006.40","1024.50","1030.00","992.00","0.36K","-1.51%"
"01/27/2022","1021.80","1034.70","1039.30","1012.40","16.43K","-2.30%"
"01/26/2022","1045.90","1027.60","1064.60","1024.40","25.40K","1.99%"
"01/25/2022","1025.50","1028.90","1034.20","1006.90","13.82K","0.51%"
"01/24/2022","1020.30","1034.00","1041.80","1003.20","16.95K","-1.43%"
"01/23/2022","1035.10","1030.80","1035.10","1027.60","","0.00%"
"01/21/2022","1035.10","1043.20","1054.00","1028.40","17.76K","-1.49%"
"01/20/2022","1050.80","1025.70","1057.50","1017.50","24.47K","2.18%"
"01/19/2022","1028.40","979.00","1035.50","970.10","29.81K","4.99%"
"01/18/2022","979.50","966.20","987.00","959.60","19.79K","0.89%"
"01/17/2022","970.90","966.90","974.40","962.30","","0.42%"
"01/16/2022","966.85","967.10","967.45","965.35","","0.23%"
"01/14/2022","964.60","968.40","981.00","963.50","10.66K","-0.78%"
"01/13/2022","972.20","976.80","977.70","961.30","10.73K","-0.81%"
"01/12/2022","980.10","969.40","983.00","961.50","13.20K","0.71%"
"01/11/2022","973.20","936.30","975.00","935.10","20.75K","4.24%"
"01/10/2022","933.60","958.10","961.40","919.50","17.86K","-2.14%"
"01/09/2022","954.05","958.15","958.55","953.10","","-0.26%"
"01/07/2022","956.50","966.00","972.20","947.70","12.72K","-0.44%"
"01/06/2022","960.70","983.80","987.70","952.00","18.49K","-4.11%"
"01/05/2022","1001.90","972.60","1004.80","966.20","18.94K","3.16%"
"01/04/2022","971.20","955.40","983.60","946.10","15.04K","1.80%"
"01/03/2022","954.00","968.70","985.00","928.70","18.49K","-1.74%"
"01/02/2022","970.85","964.30","978.80","964.30","","0.48%"
"12/31/2021","966.20","963.30","968.90","948.80","8.29K","0.17%"
"12/30/2021","964.60","970.20","973.40","958.00","9.89K","-0.53%"
"12/29/2021","969.70","978.50","978.50","960.25","","-1.03%"
"12/28/2021","979.80","971.00","989.90","964.40","11.28K","0.91%"
"12/27/2021","971.00","973.40","974.60","951.50","11.00K","0.43%"
"12/26/2021","966.85","972.85","972.85","966.80","","-0.55%"
"12/23/2021","972.20","964.80","974.20","956.60","9.60K","0.88%"
"12/22/2021","963.70","927.20","966.40","922.10","9.07K","4.25%"
"12/21/2021","924.40","925.00","935.40","919.50","5.57K","0.20%"
"12/20/2021","922.60","932.50","932.50","906.80","7.15K","0.09%"
"12/19/2021","921.80","928.85","931.65","921.80","","-1.19%"
"12/17/2021","932.90","929.20","940.50","924.40","3.49K","0.63%"
"12/16/2021","927.10","903.70","930.00","899.00","5.58K","3.69%"
"12/15/2021","894.10","912.40","917.60","886.10","4.10K","-1.86%"
"12/14/2021","911.00","923.70","928.50","904.00","3.41K","-1.50%"
"12/13/2021","924.90","942.00","949.50","921.80","5.06K","-1.65%"
"12/12/2021","940.45","937.85","942.50","937.85","","0.57%"
"12/10/2021","935.10","932.00","940.70","926.40","3.41K","-0.37%"
"12/09/2021","938.60","955.40","955.40","929.80","3.55K","-1.92%"
"12/08/2021","957.00","948.80","961.20","943.80","2.75K","0.63%"
"12/07/2021","951.00","935.80","956.70","933.30","3.10K","1.45%"
"12/06/2021","937.40","930.70","939.60","917.30","2.49K","0.29%"
"12/05/2021","934.65","928.20","935.00","927.45","","0.81%"
"12/03/2021","927.10","933.20","951.60","919.00","3.10K","-0.74%"
"12/02/2021","934.00","931.80","946.70","928.50","1.93K","-0.28%"
"12/01/2021","936.60","933.80","954.30","926.40","1.55K","0.80%"
"11/30/2021","929.20","963.70","968.40","924.70","2.88K","-3.85%"
"11/29/2021","966.40","953.70","981.10","953.70","1.83K","-1.23%"
"11/28/2021","978.40","950.50","978.40","950.50","","2.46%"
"11/26/2021","954.90","990.90","992.90","945.20","","-3.63%"
"11/25/2021","990.90","980.40","999.90","979.90","","1.38%"
"11/24/2021","977.40","969.60","986.60","967.50","1.74K","1.17%"
"11/23/2021","966.10","1020.00","1025.90","959.30","3.06K","-4.98%"
"11/22/2021","1016.70","1037.60","1045.20","1014.90","1.31K","-1.44%"
"11/21/2021","1031.60","1035.30","1036.75","1029.60","","-0.58%"
"11/19/2021","1037.60","1057.00","1066.00","1035.20","0.97K","-1.88%"
"11/18/2021","1057.50","1065.60","1080.70","1050.00","0.39K","-1.18%"
"11/17/2021","1070.10","1068.00","1081.00","1060.60","0.30K","-0.51%"
"11/16/2021","1075.60","1096.80","1113.40","1068.00","0.55K","-2.02%"
"11/15/2021","1097.80","1089.30","1103.10","1077.70","0.30K","0.55%"
"11/14/2021","1091.80","1088.30","1092.85","1087.20","","0.16%"
"11/12/2021","1090.10","1094.30","1095.40","1074.20","0.27K","-0.49%"
"11/11/2021","1095.50","1075.00","1100.00","1072.50","0.32K","1.63%"
"11/10/2021","1077.90","1065.10","1099.40","1056.70","1.26K","1.46%"
"11/09/2021","1062.40","1060.10","1068.30","1049.50","0.27K","0.12%"
"11/08/2021","1061.10","1037.50","1066.80","1037.40","0.38K","2.26%"
"11/07/2021","1037.65","1036.30","1039.00","1035.05","","0.07%"
"11/05/2021","1036.90","1030.70","1040.10","1023.80","0.31K","0.64%"
"11/04/2021","1030.30","1036.40","1050.50","1027.90","0.35K","0.68%"
"11/03/2021","1023.30","1040.80","1046.80","1022.70","0.12K","-1.63%"
"11/02/2021","1040.30","1067.00","1067.50","1039.50","0.23K","-2.60%"
"11/01/2021","1068.10","1020.30","1069.90","1020.00","0.28K","4.56%"
"10/31/2021","1021.50","1021.65","1022.40","1018.90","","-0.02%"
"10/29/2021","1021.70","1023.20","1025.50","1006.70","0.27K","-0.35%"
"10/28/2021","1025.30","1015.60","1034.50","1015.50","0.10K","0.59%"
"10/27/2021","1019.30","1031.80","1033.80","1010.60","12.29K","-1.32%"
"10/26/2021","1032.90","1063.60","1064.00","1017.00","17.00K","-2.90%"
"10/25/2021","1063.80","1044.80","1066.60","1040.40","13.51K","1.64%"
"10/24/2021","1046.60","1043.60","1046.60","1042.40","","-0.52%"
"10/22/2021","1052.10","1053.00","1080.80","1042.80","18.33K","0.23%"
"10/21/2021","1049.70","1054.50","1066.80","1038.00","12.53K","-0.25%"
"10/20/2021","1052.30","1043.40","1058.00","1036.70","10.91K","0.50%"
"10/19/2021","1047.10","1039.10","1059.30","1036.70","11.81K","0.89%"
"10/18/2021","1037.90","1059.00","1062.70","1034.80","12.93K","-1.93%"
"10/17/2021","1058.35","1060.85","1062.70","1058.20","","-0.05%"
"10/15/2021","1058.90","1057.50","1062.90","1043.60","17.88K","0.63%"
"10/14/2021","1052.30","1021.00","1064.20","1015.00","19.44K","2.74%"
"10/13/2021","1024.20","1008.00","1033.80","1003.00","12.87K","1.24%"
"10/12/2021","1011.70","1005.80","1020.70","1002.00","10.14K","0.48%"
"10/11/2021","1006.90","1027.10","1037.60","1004.60","16.20K","-1.43%"
"10/10/2021","1021.50","1026.55","1032.90","1020.35","","-0.65%"
"10/08/2021","1028.20","979.80","1041.70","977.90","24.54K","4.35%"
"10/07/2021","985.30","985.00","997.70","975.30","11.90K","0.83%"
"10/06/2021","977.20","959.80","988.80","939.10","16.80K","1.81%"
"10/05/2021","959.80","964.10","965.90","945.00","8.37K","-0.19%"
"10/04/2021","961.60","974.50","981.10","943.00","13.43K","-1.73%"
"10/03/2021","978.50","973.90","980.80","973.50","","0.50%"
"10/01/2021","973.60","962.00","978.00","954.90","9.77K","1.16%"
"09/30/2021","962.40","949.20","968.90","949.00","11.24K","1.63%"
"09/29/2021","947.00","964.60","972.00","941.40","13.55K","-1.49%"
"09/28/2021","961.30","976.10","984.70","958.80","","-1.69%"
"09/27/2021","977.80","981.00","996.50","972.60","9.30K","-0.20%"
"09/26/2021","979.80","977.50","979.80","974.80","","0.36%"
"09/24/2021","976.30","986.70","990.30","962.30","10.15K","-1.92%"
"09/23/2021","995.40","994.70","1010.70","979.70","12.72K","-0.44%"
"09/22/2021","999.80","951.50","1007.90","945.60","13.62K","5.15%"
"09/21/2021","950.80","904.30","955.50","903.90","11.37K","5.71%"
"09/20/2021","899.40","933.90","935.40","892.90","6.43K","-3.59%"
"09/19/2021","932.90","931.00","934.10","929.50","","0.03%"
"09/17/2021","932.60","926.10","950.50","925.80","3.96K","0.76%"
"09/16/2021","925.60","941.50","953.00","923.50","3.40K","-0.78%"
"09/15/2021","932.90","936.60","942.10","918.20","4.55K","-0.87%"
"09/14/2021","941.10","959.00","959.40","930.00","4.68K","-1.99%"
"09/13/2021","960.20","952.00","961.00","945.40","4.01K","0.43%"
"09/12/2021","956.10","947.90","956.50","947.50","","-0.36%"
"09/10/2021","959.60","974.10","984.40","945.90","3.78K","-1.83%"
"09/09/2021","977.50","978.20","987.50","970.70","3.45K","-0.16%"
"09/08/2021","979.10","998.20","1006.00","973.80","3.45K","-1.98%"
"09/07/2021","998.90","1023.40","1028.50","993.90","2.06K","-1.91%"
"09/06/2021","1018.30","1019.30","1026.10","1014.45","","-0.14%"
"09/05/2021","1019.70","1022.40","1024.00","1018.60","","-0.47%"
"09/03/2021","1024.50","997.90","1028.40","996.50","1.81K","2.77%"
"09/02/2021","996.90","999.10","1009.50","989.00","2.05K","-0.55%"
"09/01/2021","1002.40","1013.60","1016.90","997.50","2.18K","-1.43%"
"08/31/2021","1016.90","1005.60","1019.10","995.00","1.27K","1.19%"
"08/30/2021","1004.90","1010.00","1016.50","998.00","1.41K","-0.49%"
"08/29/2021","1009.80","1007.10","1010.40","1005.20","","0.24%"
"08/27/2021","1007.40","975.30","1008.15","974.05","","2.95%"
"08/26/2021","978.50","996.00","996.50","975.20","1.64K","-1.81%"
"08/25/2021","996.50","1010.60","1012.00","987.70","1.27K","-1.63%"
"08/24/2021","1013.00","1016.30","1020.30","1004.60","1.39K","-0.29%"
"08/23/2021","1015.90","992.20","1018.60","992.20","0.24K","2.78%"
"08/22/2021","988.45","991.80","993.75","988.35","","-0.73%"
"08/20/2021","995.70","972.40","996.20","971.60","0.34K","2.35%"
"08/19/2021","972.80","995.90","995.90","959.30","0.56K","-2.58%"
"08/18/2021","998.60","995.70","1011.10","987.70","0.33K","0.24%"
"08/17/2021","996.20","1023.20","1028.20","990.00","0.30K","-2.63%"
"08/16/2021","1023.10","1028.50","1028.50","1004.20","0.17K","-0.04%"
"08/15/2021","1023.55","1025.35","1027.00","1023.50","","-0.45%"
"08/13/2021","1028.20","1017.00","1031.00","1014.30","0.14K","0.79%"
"08/12/2021","1020.10","1017.60","1025.00","1008.60","0.20K","0.22%"
"08/11/2021","1017.90","994.00","1020.00","994.00","0.23K","2.90%"
"08/10/2021","989.20","976.80","995.00","976.00","0.29K","1.60%"
"08/09/2021","973.60","976.60","982.70","956.80","0.37K","1.74%"
"08/08/2021","956.95","971.65","974.40","954.00","","-1.84%"
"08/06/2021","974.90","1002.80","1005.00","972.00","0.44K","-3.32%"
"08/05/2021","1008.40","1023.90","1023.90","999.50","0.32K","-1.53%"
"08/04/2021","1024.10","1051.30","1053.50","1019.70","0.33K","-2.46%"
"08/03/2021","1049.90","1050.60","1056.10","1039.80","0.35K","-0.85%"
"08/02/2021","1058.90","1050.00","1068.00","1050.00","0.19K","0.68%"
"08/01/2021","1051.75","1045.75","1052.80","1045.75","","0.02%"
"07/30/2021","1051.50","1060.50","1060.50","1035.70","0.63K","-1.78%"
"07/29/2021","1070.60","1071.00","1082.80","1064.90","0.29K","1.18%"
"07/28/2021","1058.10","1052.00","1068.00","1044.60","9.94K","0.82%"
"07/27/2021","1049.50","1065.20","1069.20","1044.00","15.27K","-1.92%"
"07/26/2021","1070.00","1057.10","1073.50","1054.00","11.59K","0.75%"
"07/25/2021","1062.00","1060.85","1063.90","1060.85","","0.06%"
"07/23/2021","1061.40","1092.90","1097.30","1042.20","17.58K","-2.68%"
"07/22/2021","1090.60","1078.20","1094.20","1072.90","9.23K","1.42%"
"07/21/2021","1075.30","1063.70","1081.10","1060.70","10.33K","0.95%"
"07/20/2021","1065.20","1074.30","1084.40","1053.30","15.25K","-0.58%"
"07/19/2021","1071.40","1101.00","1107.10","1063.80","17.55K","-2.97%"
"07/18/2021","1104.20","1101.45","1105.20","1098.80","","-0.39%"
"07/16/2021","1108.50","1140.20","1141.20","1096.50","14.65K","-2.57%"
"07/15/2021","1137.70","1140.20","1140.60","1139.10","13.36K","0.85%"
"07/14/2021","1128.10","1103.40","1135.30","1101.00","15.41K","1.52%"
"07/13/2021","1111.20","1120.40","1122.00","1100.20","11.65K","-1.05%"
"07/12/2021","1123.00","1098.00","1123.80","1085.30","16.95K","2.46%"
"07/11/2021","1096.00","1097.45","1099.40","1096.00","","0.03%"
"07/09/2021","1095.70","1072.00","1099.50","1065.70","11.54K","1.97%"
"07/08/2021","1074.50","1085.40","1086.30","1062.30","13.86K","-0.68%"
"07/07/2021","1081.90","1089.10","1100.00","1071.00","10.00K","-0.19%"
"07/06/2021","1084.00","1088.10","1118.00","1075.50","18.75K","-1.62%"
"07/05/2021","1101.90","1099.10","1105.10","1089.65","","1.31%"
"07/02/2021","1087.70","1082.40","1096.50","1079.40","10.05K","0.63%"
"07/01/2021","1080.90","1071.60","1094.50","1059.80","12.13K","0.75%"
"06/30/2021","1072.90","1067.70","1075.50","1049.10","12.69K","0.21%"
"06/29/2021","1070.60","1093.20","1097.70","1060.00","18.91K","-2.60%"
"06/28/2021","1099.20","1114.15","1116.10","1092.25","","-1.39%"
"06/27/2021","1114.70","1110.65","1114.80","1110.10","","0.81%"
"06/25/2021","1105.70","1094.90","1113.10","1093.10","10.02K","0.88%"
"06/24/2021","1096.10","1085.80","1098.60","1070.40","8.38K","0.61%"
"06/23/2021","1089.50","1075.70","1096.40","1072.00","10.06K","1.55%"
"06/22/2021","1072.90","1057.60","1076.90","1053.50","8.83K","1.78%"
"06/21/2021","1054.10","1044.30","1059.50","1026.00","7.61K","1.44%"
"06/20/2021","1039.10","1036.90","1043.05","1035.05","","-0.58%"
"06/18/2021","1045.20","1062.90","1086.60","1039.00","7.22K","-1.31%"
"06/17/2021","1059.10","1125.50","1135.00","1048.00","7.77K","-7.57%"
"06/16/2021","1145.90","1157.60","1158.10","1120.30","3.99K","-0.59%"
"06/15/2021","1152.70","1170.70","1172.50","1150.00","4.41K","-1.41%"
"06/14/2021","1169.20","1152.30","1177.60","1144.00","3.03K","2.19%"
"06/13/2021","1144.15","1150.25","1151.90","1143.50","","-0.94%"
"06/11/2021","1155.00","1156.00","1164.50","1149.00","2.26K","0.43%"
"06/10/2021","1150.10","1155.40","1159.00","1131.40","3.52K","-0.48%"
"06/09/2021","1155.70","1165.80","1170.00","1153.30","2.45K","-0.92%"
"06/08/2021","1166.40","1178.80","1183.00","1160.00","2.56K","-1.05%"
"06/07/2021","1178.80","1172.30","1181.30","1164.60","2.20K","0.70%"
"06/06/2021","1170.60","1165.40","1171.30","1165.40","","0.18%"
"06/04/2021","1168.50","1164.40","1172.20","1146.70","2.26K","0.16%"
"06/03/2021","1166.60","1198.80","1201.10","1153.50","2.87K","-2.52%"
"06/02/2021","1196.70","1200.40","1201.50","1185.00","2.61K","-0.59%"
"06/01/2021","1203.80","1188.20","1214.20","1181.00","1.08K","0.87%"
"05/31/2021","1193.40","1187.40","1193.90","1183.65","","0.50%"
"05/30/2021","1187.45","1184.70","1187.90","1183.60","","0.07%"
"05/28/2021","1186.60","1185.00","1191.00","1175.00","0.85K","0.27%"
"05/27/2021","1183.40","1200.00","1204.90","1175.90","1.81K","-1.51%"
"05/26/2021","1201.60","1198.40","1217.25","1191.70","","0.05%"
"05/25/2021","1201.00","1175.00","1203.20","1173.00","1.58K","1.64%"
"05/24/2021","1181.60","1171.00","1187.00","1165.90","1.26K","0.60%"
"05/23/2021","1174.60","1169.95","1177.30","1166.85","","0.10%"
"05/21/2021","1173.40","1203.80","1210.30","1171.40","1.48K","-2.90%"
"05/20/2021","1208.50","1199.90","1213.50","1199.90","0.10K","0.29%"
"05/19/2021","1205.00","1225.00","1227.50","1189.70","0.35K","-1.93%"
"05/18/2021","1228.70","1248.50","1255.80","1219.00","0.35K","-1.54%"
"05/17/2021","1247.90","1238.40","1250.40","1233.50","0.23K","1.34%"
"05/16/2021","1231.40","1227.80","1235.40","1227.80","","0.43%"
"05/14/2021","1226.10","1219.70","1239.00","1219.70","0.11K","1.36%"
"05/13/2021","1209.70","1220.00","1225.50","1203.60","0.46K","-1.59%"
"05/12/2021","1229.20","1243.20","1251.00","1216.90","0.39K","-1.25%"
"05/11/2021","1244.80","1253.00","1258.20","1220.00","0.48K","-1.91%"
"05/10/2021","1269.00","1257.60","1281.20","1255.20","0.23K","0.61%"
"05/09/2021","1261.25","1252.60","1263.00","1252.60","","0.27%"
"05/07/2021","1257.90","1259.00","1276.40","1245.00","0.35K","-0.24%"
"05/06/2021","1260.90","1228.20","1261.20","1225.00","0.20K","2.32%"
"05/05/2021","1232.30","1240.00","1248.20","1219.00","0.20K","-0.24%"
"05/04/2021","1235.30","1238.60","1275.00","1225.00","0.36K","0.14%"
"05/03/2021","1233.60","1207.00","1250.90","1199.00","0.14K","2.53%"
"05/02/2021","1203.20","1203.60","1204.50","1200.00","","-0.46%"
"04/30/2021","1208.70","1210.10","1229.30","1202.60","0.27K","0.63%"
"04/29/2021","1201.10","1226.10","1231.60","1180.00","0.15K","-0.92%"
"04/28/2021","1212.20","1235.80","1235.80","1207.50","14.60K","-2.99%"
"04/27/2021","1249.50","1248.30","1261.80","1232.30","12.52K","0.35%"
"04/26/2021","1245.20","1233.80","1253.80","1230.50","11.19K","0.74%"
"04/25/2021","1236.00","1234.70","1238.00","1233.15","","0.24%"
"04/23/2021","1233.10","1208.50","1256.70","1204.50","19.04K","2.04%"
"04/22/2021","1208.50","1217.00","1221.90","1200.30","10.38K","-0.51%"
"04/21/2021","1214.70","1189.00","1223.30","1186.30","14.03K","1.54%"
"04/20/2021","1196.30","1212.40","1214.50","1185.10","13.35K","-0.85%"
"04/19/2021","1206.50","1207.40","1231.90","1202.30","10.73K","0.10%"
"04/18/2021","1205.35","1206.70","1207.50","1203.90","","-0.28%"
"04/16/2021","1208.70","1199.60","1212.90","1192.30","8.82K","0.71%"
"04/15/2021","1200.20","1174.00","1207.20","1172.60","12.56K","1.94%"
"04/14/2021","1177.40","1159.40","1188.00","1158.10","13.95K","1.75%"
"04/13/2021","1157.10","1174.80","1186.40","1155.60","19.64K","-1.51%"
"04/12/2021","1174.80","1208.30","1209.40","1168.90","12.97K","-2.70%"
"04/11/2021","1207.40","1205.75","1208.50","1202.80","","-0.16%"
"04/09/2021","1209.30","1236.10","1237.50","1193.20","13.57K","-2.11%"
"04/08/2021","1235.40","1234.40","1243.70","1222.10","8.23K","0.28%"
"04/07/2021","1231.90","1245.70","1252.50","1226.40","12.65K","-0.69%"
"04/06/2021","1240.50","1215.80","1248.70","1202.80","12.52K","2.54%"
"04/05/2021","1209.80","1216.90","1225.00","1196.50","7.01K","-0.91%"
"04/04/2021","1220.90","1214.25","1224.90","1214.00","","1.02%"
"04/01/2021","1208.60","1191.40","1217.50","1176.60","","1.44%"
"03/31/2021","1191.50","1159.50","1198.30","1159.10","11.56K","2.66%"
"03/30/2021","1160.60","1180.40","1189.90","1156.20","14.98K","-1.93%"
"03/29/2021","1183.40","1190.55","1205.50","1166.60","","-0.60%"
"03/28/2021","1190.50","1195.30","1195.30","1188.60","","0.74%"
"03/26/2021","1181.70","1156.10","1194.90","1154.20","11.46K","2.00%"
"03/25/2021","1158.50","1177.60","1188.40","1148.50","14.91K","-2.22%"
"03/24/2021","1184.80","1172.80","1194.50","1166.00","9.58K","0.51%"
"03/23/2021","1178.80","1191.00","1200.40","1172.50","6.31K","-0.78%"
"03/22/2021","1188.10","1200.60","1200.60","1167.70","7.41K","0.01%"
"03/21/2021","1188.00","1197.45","1198.70","1186.70","","-1.34%"
"03/19/2021","1204.10","1215.50","1218.70","1175.90","3.78K","-1.43%"
"03/18/2021","1221.60","1219.10","1237.70","1211.30","3.92K","1.50%"
"03/17/2021","1203.60","1220.10","1225.30","1193.00","3.41K","-1.62%"
"03/16/2021","1223.40","1224.50","1244.00","1210.40","4.69K","0.78%"
"03/15/2021","1213.90","1211.90","1228.40","1206.00","2.49K","0.59%"
"03/14/2021","1206.80","1206.60","1219.90","1204.60","","0.20%"
"03/12/2021","1204.40","1207.00","1219.00","1176.20","2.59K","-0.22%"
"03/11/2021","1207.00","1213.50","1236.10","1200.40","3.49K","0.03%"
"03/10/2021","1206.60","1180.70","1213.20","1160.00","2.73K","2.25%"
"03/09/2021","1180.00","1145.70","1186.30","1141.50","2.64K","2.02%"
"03/08/2021","1156.60","1137.60","1161.40","1124.40","3.55K","1.24%"
"03/07/2021","1142.45","1131.30","1142.55","1129.00","","0.84%"
"03/05/2021","1132.90","1135.50","1138.70","1115.20","1.82K","-0.61%"
"03/04/2021","1139.90","1174.50","1187.30","1124.80","2.44K","-3.94%"
"03/03/2021","1186.60","1211.00","1221.40","1170.70","3.72K","-2.63%"
"03/02/2021","1218.60","1196.00","1220.90","1178.20","2.60K","1.97%"
"03/01/2021","1195.10","1186.40","1234.60","1186.40","1.42K","-0.84%"
"02/28/2021","1205.25","1193.95","1209.00","1187.05","","1.34%"
"02/26/2021","1189.30","1226.80","1242.00","1175.60","0.72K","-3.75%"
"02/25/2021","1235.70","1274.10","1277.20","1226.80","1.60K","-1.87%"
"02/24/2021","1259.20","1260.55","1278.80","1241.80","","1.21%"
"02/23/2021","1244.10","1288.80","1290.00","1222.30","1.90K","-3.29%"
"02/22/2021","1286.40","1292.80","1313.00","1275.00","1.41K","-0.86%"
"02/21/2021","1297.60","1283.25","1305.60","1283.15","","0.04%"
"02/19/2021","1297.10","1290.20","1313.10","1244.40","1.16K","1.47%"
"02/18/2021","1278.30","1278.00","1299.00","1259.50","0.49K","1.34%"
"02/17/2021","1261.40","1271.80","1275.80","1236.20","0.76K","-1.68%"
"02/16/2021","1282.90","1274.00","1351.20","1270.00","1.37K","-2.72%"
"02/15/2021","1318.75","1271.40","1320.25","1270.60","","3.72%"
"02/14/2021","1271.45","1264.25","1272.20","1264.00","","0.79%"
"02/12/2021","1261.50","1246.00","1265.80","1225.00","0.38K","0.94%"
"02/11/2021","1249.80","1248.80","1282.40","1237.70","0.43K","0.01%"
"02/10/2021","1249.70","1199.10","1265.70","1199.10","0.88K","4.44%"
"02/09/2021","1196.60","1180.00","1208.00","1180.00","0.39K","1.64%"
"02/08/2021","1177.30","1140.60","1188.80","1140.60","0.33K","2.79%"
"02/07/2021","1145.40","1134.20","1152.20","1134.20","","0.82%"
"02/05/2021","1136.10","1110.30","1140.60","1110.00","0.26K","2.80%"
"02/04/2021","1105.20","1114.40","1114.40","1088.00","0.44K","-1.05%"
"02/03/2021","1116.90","1106.00","1117.20","1103.00","0.26K","1.74%"
"02/02/2021","1097.80","1136.80","1136.80","1095.70","0.24K","-3.73%"
"02/01/2021","1140.30","1098.00","1143.00","1098.00","1.24K","3.84%"
"01/31/2021","1098.10","1086.05","1109.00","1086.05","","1.36%"
"01/29/2021","1083.40","1081.40","1124.00","1079.10","0.23K","0.64%"
"01/28/2021","1076.50","1072.70","1108.00","1059.80","0.29K","-0.23%"
"01/27/2021","1079.00","1108.00","1108.00","1064.10","14.02K","-2.56%"
"01/26/2021","1107.40","1104.70","1113.80","1085.00","8.66K","0.24%"
"01/25/2021","1104.70","1110.20","1125.30","1086.20","12.13K","-0.69%"
"01/24/2021","1112.35","1111.10","1117.10","1110.10","","0.07%"
"01/22/2021","1111.60","1137.10","1138.80","1092.60","13.14K","-1.45%"
"01/21/2021","1128.00","1121.00","1163.40","1105.80","17.10K","1.04%"
"01/20/2021","1116.40","1093.30","1124.20","1085.40","10.77K","2.23%"
"01/19/2021","1092.00","1079.80","1109.70","1072.00","14.72K","-0.56%"
"01/18/2021","1098.10","1072.30","1100.00","1072.30","","2.41%"
"01/17/2021","1072.30","1079.20","1089.10","1072.20","","-1.61%"
"01/15/2021","1089.90","1126.60","1129.90","1076.50","13.51K","-3.24%"
"01/14/2021","1126.40","1104.70","1130.00","1101.00","9.13K","1.41%"
"01/13/2021","1110.70","1077.50","1113.10","1067.00","13.76K","4.02%"
"01/12/2021","1067.80","1040.00","1083.00","1040.00","13.03K","2.22%"
"01/11/2021","1044.60","1075.00","1077.70","1011.00","18.67K","-1.06%"
"01/10/2021","1055.80","1073.85","1077.60","1038.40","","-1.45%"
"01/08/2021","1071.30","1129.90","1139.70","1058.40","20.39K","-4.74%"
"01/07/2021","1124.60","1107.60","1132.00","1098.00","12.16K","1.30%"
"01/06/2021","1110.20","1121.40","1126.80","1087.00","15.34K","-0.84%"
"01/05/2021","1119.60","1077.50","1125.40","1068.10","15.80K","4.49%"
"01/04/2021","1071.50","1081.00","1142.00","1055.00","26.65K","-1.80%"
"01/03/2021","1091.10","1078.00","1093.75","1078.00","","1.07%"
"01/01/2021","1079.50","1079.50","1079.50","1079.50","","0.03%"
"12/31/2020","1079.20","1081.00","1091.80","1071.40","8.40K","0.06%"
"12/30/2020","1078.50","1064.80","1082.20","1060.50","9.22K","1.68%"
"12/29/2020","1060.70","1047.55","1073.30","1044.80","","1.11%"
"12/28/2020","1049.10","1033.10","1063.20","1033.10","8.48K","0.18%"
"12/27/2020","1047.20","1034.65","1047.60","1033.90","","1.18%"
"12/24/2020","1035.00","1024.50","1037.70","1022.80","4.66K","1.08%"
"12/23/2020","1023.90","1012.00","1029.60","1010.00","8.87K","0.80%"
"12/22/2020","1015.80","1018.40","1029.10","995.80","10.80K","-0.58%"
"12/21/2020","1021.70","1052.20","1066.50","932.30","16.09K","-2.18%"
"12/20/2020","1044.50","1054.00","1054.50","1044.15","","-0.43%"
"12/18/2020","1049.00","1056.80","1063.80","1037.40","4.48K","-0.64%"
"12/17/2020","1055.80","1047.50","1069.80","1041.30","6.37K","1.45%"
"12/16/2020","1040.70","1050.20","1063.10","1031.80","7.98K","-0.33%"
"12/15/2020","1044.10","1022.30","1050.80","1016.40","4.64K","2.34%"
"12/14/2020","1020.20","1021.80","1037.90","1010.10","4.48K","-0.52%"
"12/13/2020","1025.55","1016.80","1026.05","1016.80","","-0.07%"
"12/11/2020","1026.30","1041.50","1047.30","1012.00","4.72K","-0.52%"
"12/10/2020","1031.70","1011.50","1052.80","1010.50","3.79K","0.91%"
"12/09/2020","1022.40","1041.70","1046.00","1002.00","3.15K","-1.79%"
"12/08/2020","1041.00","1036.00","1048.90","1028.10","3.34K","-1.19%"
"12/07/2020","1053.50","1073.80","1081.60","1017.90","4.32K","-0.53%"
"12/06/2020","1059.15","1057.70","1077.85","1057.70","","-1.60%"
"12/04/2020","1076.40","1041.00","1096.50","1037.30","2.74K","3.30%"
"12/03/2020","1042.00","1022.50","1046.90","1008.60","1.67K","2.55%"
"12/02/2020","1016.10","1009.20","1027.00","991.90","1.72K","0.77%"
"12/01/2020","1008.30","974.60","1012.00","973.30","1.77K","3.89%"
"11/30/2020","970.50","975.10","987.80","961.60","1.21K","-0.06%"
"11/29/2020","971.05","971.45","972.00","968.10","","0.08%"
"11/27/2020","970.30","977.20","978.10","953.40","1.16K","0.54%"
"11/26/2020","965.05","971.60","974.20","954.55","","-0.64%"
"11/25/2020","971.30","964.00","973.40","953.85","","0.88%"
"11/24/2020","962.80","942.70","971.30","930.10","1.55K","2.87%"
"11/23/2020","935.90","957.00","959.60","925.00","1.75K","-1.79%"
"11/22/2020","952.95","953.15","956.15","950.95","","-0.85%"
"11/20/2020","961.10","958.20","970.30","952.00","1.46K","0.69%"
"11/19/2020","954.50","948.90","960.40","940.30","0.48K","0.08%"
"11/18/2020","953.70","937.30","962.50","920.80","0.31K","1.37%"
"11/17/2020","940.80","933.00","944.50","927.00","0.63K","1.02%"
"11/16/2020","931.30","898.80","935.20","894.50","0.45K","3.88%"
"11/15/2020","896.55","894.50","898.70","893.10","","-0.38%"
"11/13/2020","900.00","884.20","903.10","884.20","0.23K","1.40%"
"11/12/2020","887.60","874.30","889.10","869.30","0.30K","1.81%"
"11/11/2020","871.80","889.00","893.50","863.40","0.33K","-2.73%"
"11/10/2020","896.30","875.00","899.10","870.00","0.39K","2.98%"
"11/09/2020","870.40","907.50","911.60","851.00","0.50K","-3.93%"
"11/08/2020","906.00","901.35","908.00","898.90","","0.35%"
"11/06/2020","902.80","902.40","918.00","894.00","0.18K","0.00%"
"11/05/2020","902.80","877.00","910.40","877.00","0.11K","3.39%"
"11/04/2020","873.20","870.00","882.30","852.10","0.49K","-0.52%"
"11/03/2020","877.80","869.00","887.00","863.30","0.26K","1.68%"
"11/02/2020","863.30","851.10","868.30","843.10","0.57K","2.62%"
"11/01/2020","841.25","845.75","850.20","839.60","","-1.31%"
"10/30/2020","852.40","855.50","865.10","848.80","0.12K","-0.16%"
"10/29/2020","853.80","873.00","880.00","850.40","0.21K","-2.42%"
"10/28/2020","875.00","883.00","890.00","856.20","16.17K","-1.33%"
"10/27/2020","886.80","873.40","889.10","872.60","9.31K","1.07%"
"10/26/2020","877.40","909.80","911.00","870.80","16.32K","-2.85%"
"10/25/2020","903.15","909.00","910.30","903.15","","-0.39%"
"10/23/2020","906.70","885.00","924.10","881.50","21.36K","2.57%"
"10/22/2020","884.00","890.90","895.60","861.70","12.52K","-1.11%"
"10/21/2020","893.90","876.70","898.70","875.10","9.88K","1.89%"
"10/20/2020","877.30","861.10","884.10","852.10","12.02K","1.60%"
"10/19/2020","863.50","867.70","880.90","852.80","9.62K","-0.46%"
"10/18/2020","867.45","865.10","868.00","864.35","","-0.21%"
"10/16/2020","869.30","868.00","878.70","857.70","10.39K","0.93%"
"10/15/2020","861.30","862.80","870.10","841.70","14.53K","-0.24%"
"10/14/2020","863.40","871.70","882.40","858.00","10.98K","-1.13%"
"10/13/2020","873.30","881.10","885.40","863.00","10.11K","-0.34%"
"10/12/2020","876.30","897.10","897.10","872.90","9.34K","-1.72%"
"10/11/2020","891.65","897.05","898.25","890.70","","-0.30%"
"10/09/2020","894.30","870.00","901.90","868.30","13.46K","3.51%"
"10/08/2020","864.00","868.80","878.70","861.10","9.15K","-0.32%"
"10/07/2020","866.80","859.80","876.10","855.50","9.61K","-0.40%"
"10/06/2020","870.30","907.00","909.80","855.00","15.46K","-3.80%"
"10/05/2020","904.70","890.20","913.00","880.70","8.62K","1.30%"
"10/04/2020","893.05","890.30","893.80","885.90","","0.19%"
"10/02/2020","891.40","906.10","908.80","887.20","9.15K","-1.61%"
"10/01/2020","906.00","900.50","919.10","895.10","11.85K","-0.35%"
"09/30/2020","909.20","893.50","914.50","873.50","14.96K","1.28%"
"09/29/2020","897.70","891.50","899.50","880.70","12.85K","1.07%"
"09/28/2020","888.20","855.75","895.40","849.95","","3.78%"
"09/27/2020","855.85","849.50","857.50","847.70","","0.78%"
"09/25/2020","849.20","850.80","867.20","836.50","10.52K","0.46%"
"09/24/2020","845.30","841.80","855.30","829.20","8.13K","-0.65%"
"09/23/2020","850.80","871.40","883.90","839.00","10.20K","-1.78%"
"09/22/2020","866.20","894.30","901.10","864.70","8.77K","-2.09%"
"09/21/2020","884.70","938.50","951.90","863.30","7.65K","-5.24%"
"09/20/2020","933.65","934.45","935.80","930.60","","-1.32%"
"09/18/2020","946.10","946.00","957.80","938.70","2.26K","0.79%"
"09/17/2020","938.70","983.20","983.20","933.00","4.53K","-4.25%"
"09/16/2020","980.40","985.20","996.00","975.80","1.98K","-0.88%"
"09/15/2020","989.10","969.30","990.90","967.40","2.51K","2.45%"
"09/14/2020","965.40","945.00","971.90","941.00","3.79K","2.76%"
"09/13/2020","939.45","933.55","941.10","933.50","","-0.69%"
"09/11/2020","946.00","940.30","955.20","934.20","1.93K","-0.13%"
"09/10/2020","947.20","930.00","952.00","927.10","1.39K","1.77%"
"09/09/2020","930.70","907.70","933.80","907.10","2.42K","1.44%"
"09/08/2020","917.50","910.80","926.80","898.80","2.41K","0.56%"
"09/07/2020","912.35","903.05","914.50","900.10","","1.04%"
"09/06/2020","903.00","907.45","907.65","901.30","","-0.25%"
"09/04/2020","905.30","897.00","922.20","897.00","1.71K","0.93%"
"09/03/2020","897.00","916.30","927.80","890.30","1.71K","-1.68%"
"09/02/2020","912.30","957.50","961.80","908.00","1.76K","-5.11%"
"09/01/2020","961.40","947.60","979.40","945.00","1.64K","1.48%"
"08/31/2020","947.40","951.00","958.00","941.10","1.29K","0.07%"
"08/30/2020","946.70","939.50","949.70","938.85","","-0.25%"
"08/28/2020","949.10","943.50","958.60","943.00","2.47K","2.04%"
"08/27/2020","930.10","945.30","960.00","918.80","","-1.82%"
"08/26/2020","947.30","941.90","953.10","924.00","1.28K","0.63%"
"08/25/2020","941.40","932.50","947.70","931.60","1.37K","1.04%"
"08/24/2020","931.70","931.00","952.80","928.10","1.00K","0.72%"
"08/23/2020","925.00","925.80","928.60","923.65","","-0.84%"
"08/21/2020","932.80","938.40","943.40","911.60","0.58K","-0.10%"
"08/20/2020","933.70","951.20","961.20","924.40","0.36K","-3.01%"
"08/19/2020","962.70","983.00","985.40","947.20","0.24K","-1.98%"
"08/18/2020","982.10","980.20","995.90","963.80","0.28K","0.78%"
"08/17/2020","974.50","971.80","982.10","963.50","0.57K","1.61%"
"08/16/2020","959.10","962.20","967.60","957.60","","-0.69%"
"08/14/2020","965.80","983.00","988.10","962.00","0.18K","-2.43%"
"08/13/2020","989.90","960.30","991.00","956.20","0.31K","2.46%"
"08/12/2020","966.10","948.90","982.10","937.50","0.45K","-1.26%"
"08/11/2020","978.40","1012.30","1013.40","950.50","0.53K","-3.07%"
"08/10/2020","1009.40","985.10","1033.00","985.10","0.54K","2.62%"
"08/09/2020","983.65","979.05","985.80","977.30","","0.64%"
"08/07/2020","977.40","1035.40","1036.20","970.00","0.34K","-4.25%"
"08/06/2020","1020.80","1000.10","1033.00","999.30","0.82K","2.60%"
"08/05/2020","994.90","966.90","1013.40","954.20","0.26K","3.53%"
"08/04/2020","961.00","944.80","965.00","938.20","0.20K","2.45%"
"08/03/2020","938.00","927.00","944.60","921.30","0.09K","1.74%"
"08/02/2020","922.00","918.00","929.20","916.30","","0.25%"
"07/31/2020","919.70","919.95","932.05","909.95","","-0.09%"
"07/30/2020","920.55","959.00","964.10","894.50","","-4.04%"
"07/29/2020","959.35","987.75","990.70","951.35","","-2.87%"
"07/28/2020","987.65","995.90","1002.00","940.15","","-0.83%"
"07/27/2020","995.90","966.10","998.70","955.20","","3.08%"
"07/26/2020","966.15","957.75","970.00","955.90","","1.13%"
"07/24/2020","955.35","949.50","967.00","932.70","","0.61%"
"07/23/2020","949.55","962.30","974.90","944.30","","-1.34%"
"07/22/2020","962.40","926.45","971.55","907.50","","3.84%"
"07/21/2020","926.85","863.20","934.65","861.70","","7.42%"
"07/20/2020","862.80","851.90","868.15","845.60","","1.29%"
"07/19/2020","851.80","851.50","852.70","850.00","","0.11%"
"07/17/2020","850.90","833.90","855.00","831.60","","2.06%"
"07/16/2020","833.70","845.80","847.20","825.90","","-1.49%"
"07/15/2020","846.35","843.75","852.65","835.00","","0.30%"
"07/14/2020","843.85","849.90","850.60","825.70","","-0.71%"
"07/13/2020","849.90","844.80","870.20","844.80","","0.60%"
"07/12/2020","844.80","843.15","848.60","843.15","","0.39%"
"07/10/2020","841.50","853.55","863.00","840.35","","-1.41%"
"07/09/2020","853.55","881.60","892.00","842.15","","-3.19%"
"07/08/2020","881.70","861.65","888.25","860.40","","2.33%"
"07/07/2020","861.60","842.70","866.25","829.35","","2.25%"
"07/06/2020","842.60","826.65","854.25","823.20","","1.92%"
"07/05/2020","826.75","823.70","827.45","823.70","","0.12%"
"07/03/2020","825.80","827.75","830.55","819.25","","-0.22%"
"07/02/2020","827.65","836.60","845.30","824.55","","-1.05%"
"07/01/2020","836.45","852.80","864.45","821.35","","-1.89%"
"06/30/2020","852.60","832.50","855.75","822.90","","2.44%"
"06/29/2020","832.30","815.60","832.75","815.30","","2.06%"
"06/28/2020","815.50","816.00","821.60","815.50","","1.43%"
"06/26/2020","804.00","809.35","812.10","793.90","","-0.67%"
"06/25/2020","809.40","797.00","811.40","790.65","","1.56%"
"06/24/2020","796.95","844.35","847.90","795.25","","-5.56%"
"06/23/2020","843.85","844.50","849.10","828.40","","-0.08%"
"06/22/2020","844.50","826.80","857.60","823.00","","2.15%"
"06/21/2020","826.75","834.85","834.85","826.10","","0.26%"
"06/19/2020","824.60","814.70","849.60","810.60","","1.22%"
"06/18/2020","814.70","833.65","837.60","805.90","","-2.29%"
"06/17/2020","833.80","841.00","845.55","825.65","","-0.89%"
"06/16/2020","841.25","831.10","847.70","822.35","","1.23%"
"06/15/2020","831.05","816.80","832.15","792.75","","1.74%"
"06/14/2020","816.80","825.50","826.50","815.85","","-0.44%"
"06/12/2020","820.40","812.65","844.65","808.70","","0.97%"
"06/11/2020","812.55","850.00","857.20","811.60","","-4.41%"
"06/10/2020","850.00","859.85","870.45","838.05","","-1.16%"
"06/09/2020","859.95","864.10","868.05","842.05","","-0.47%"
"06/08/2020","864.05","835.85","868.75","835.65","","3.38%"
"06/07/2020","835.80","829.00","837.20","828.35","","0.16%"
"06/05/2020","834.50","866.10","872.30","818.65","","-3.65%"
"06/04/2020","866.15","858.20","871.60","845.95","","0.93%"
"06/03/2020","858.15","872.70","872.70","851.60","","-1.67%"
"06/02/2020","872.70","900.30","908.50","855.30","","-3.07%"
"06/01/2020","900.30","877.20","906.55","865.60","","2.63%"
"05/31/2020","877.20","875.55","877.80","873.25","","0.47%"
"05/29/2020","873.10","863.65","885.30","847.20","","1.12%"
"05/28/2020","863.45","879.15","891.90","856.95","","-1.80%"
"05/27/2020","879.30","869.80","883.15","860.40","","1.08%"
"05/26/2020","869.90","895.00","911.60","864.00","","-2.82%"
"05/25/2020","895.10","885.90","897.00","872.00","","1.08%"
"05/24/2020","885.50","887.00","887.00","881.50","","-0.12%"
"05/22/2020","886.60","869.30","900.50","848.40","","1.99%"
"05/21/2020","869.30","932.00","932.00","851.30","","-6.70%"
"05/20/2020","931.75","893.50","943.00","893.45","","4.28%"
"05/19/2020","893.55","862.50","897.00","849.00","","3.60%"
"05/18/2020","862.50","842.10","876.65","836.55","","2.52%"
"05/17/2020","841.30","820.65","844.25","820.65","","2.42%"
"05/15/2020","821.45","785.60","822.35","780.95","","4.56%"
"05/14/2020","785.60","776.40","792.30","769.50","","1.18%"
"05/13/2020","776.45","768.70","781.50","767.60","","1.07%"
"05/12/2020","768.20","780.70","791.10","768.20","","-1.64%"
"05/11/2020","781.00","796.20","800.75","774.30","","-1.91%"
"05/10/2020","796.20","790.30","796.20","788.80","","0.65%"
"05/08/2020","791.05","781.55","800.90","779.70","","1.22%"
"05/07/2020","781.50","764.85","784.90","764.70","","2.19%"
"05/06/2020","764.75","781.50","785.30","757.75","","-2.15%"
"05/05/2020","781.55","780.30","788.30","769.50","","0.16%"
"05/04/2020","780.30","768.10","789.00","760.50","","1.56%"
"05/03/2020","768.35","774.85","779.50","762.50","","-1.32%"
"05/01/2020","778.60","805.70","814.20","770.00","","-3.34%"
"04/30/2020","805.50","810.30","823.05","787.70","","-0.64%"
"04/29/2020","810.65","795.35","828.00","794.80","","2.06%"
"04/28/2020","794.30","776.65","801.45","771.30","","2.27%"
"04/27/2020","776.65","780.20","788.20","767.70","","-0.44%"
"04/26/2020","780.10","777.90","782.60","776.30","","-0.15%"
"04/24/2020","781.25","791.30","794.50","764.70","","-1.27%"
"04/23/2020","791.30","768.90","814.30","766.80","","2.91%"
"04/22/2020","768.90","758.15","778.20","750.20","","1.45%"
"04/21/2020","757.90","788.65","791.35","716.80","","-3.89%"
"04/20/2020","788.60","786.70","802.80","785.45","","0.27%"
"04/19/2020","786.45","791.85","792.20","785.45","","-0.61%"
"04/17/2020","791.25","805.45","811.20","784.60","","-1.77%"
"04/16/2020","805.50","801.30","820.30","780.30","","0.51%"
"04/15/2020","801.45","818.75","831.65","796.40","","-2.17%"
"04/14/2020","819.20","753.85","837.90","753.60","","8.60%"
"04/13/2020","754.30","748.55","756.00","742.25","","0.71%"
"04/12/2020","749.00","751.65","756.30","744.60","","-0.37%"
"04/10/2020","751.80","751.80","751.80","751.80","","0.04%"
"04/09/2020","751.50","736.30","757.10","731.90","","2.04%"
"04/08/2020","736.45","738.20","759.60","725.90","","-0.30%"
"04/07/2020","738.70","746.65","749.80","732.25","","-1.04%"
"04/06/2020","746.45","725.15","750.40","723.65","","3.00%"
"04/05/2020","724.70","718.75","726.25","718.75","","0.01%"
"04/03/2020","724.60","729.15","730.50","711.20","","-0.62%"
"04/02/2020","729.15","719.60","734.50","713.25","","1.40%"
"04/01/2020","719.10","718.10","727.50","701.60","","0.06%"
"03/31/2020","718.65","723.90","737.15","716.30","","-0.70%"
"03/30/2020","723.70","741.90","744.00","710.90","","-2.45%"
"03/29/2020","741.90","740.10","745.10","733.00","","0.47%"
"03/27/2020","738.40","741.20","755.50","727.20","","-0.37%"
"03/26/2020","741.15","734.00","744.00","705.00","","1.03%"
"03/25/2020","733.60","734.60","747.80","708.50","","-0.14%"
"03/24/2020","734.60","665.20","734.75","655.50","","10.44%"
"03/23/2020","665.15","606.00","666.00","606.00","","9.76%"
"03/22/2020","606.00","612.00","615.40","594.70","","-0.88%"
"03/20/2020","611.40","596.05","639.80","595.15","","2.72%"
"03/19/2020","595.20","642.15","644.90","585.30","","-7.30%"
"03/18/2020","642.10","669.00","680.80","603.50","","-4.02%"
"03/17/2020","669.00","666.80","717.90","600.00","","0.43%"
"03/16/2020","666.15","757.85","769.85","562.00","","-12.11%"
"03/15/2020","757.90","763.25","774.90","743.50","","-0.71%"
"03/13/2020","763.30","763.10","818.05","738.00","","0.09%"
"03/12/2020","762.65","863.25","868.50","750.45","","-11.65%"
"03/11/2020","863.20","873.50","886.60","861.90","","-1.18%"
"03/10/2020","873.50","872.40","892.05","866.80","","0.15%"
"03/09/2020","872.20","899.70","900.70","860.90","","-3.06%"
"03/08/2020","899.70","904.10","915.85","896.00","","-0.51%"
"03/06/2020","904.35","872.85","905.80","855.15","","3.60%"
"03/05/2020","872.95","875.70","875.90","856.65","","-0.31%"
"03/04/2020","875.70","877.95","889.35","866.70","","-0.29%"
"03/03/2020","878.25","868.70","882.85","859.50","","1.09%"
"03/02/2020","868.80","852.85","885.20","851.25","","1.86%"
"03/01/2020","852.95","866.30","866.30","851.20","","-1.55%"
"02/28/2020","866.35","903.45","903.90","847.85","","-4.13%"
"02/27/2020","903.65","911.45","924.80","898.60","","-0.85%"
"02/26/2020","911.40","935.65","937.70","908.90","","-2.60%"
"02/25/2020","935.70","965.90","972.10","922.75","","-3.15%"
"02/24/2020","966.15","976.90","979.90","961.40","","-1.16%"
"02/23/2020","977.45","976.75","981.70","975.65","","0.07%"
"02/21/2020","976.75","985.65","990.80","972.90","","-0.94%"
"02/20/2020","986.05","1010.25","1010.65","974.55","","-2.45%"
"02/19/2020","1010.85","995.75","1020.90","995.20","","1.51%"
"02/18/2020","995.80","973.05","996.30","972.00","","2.33%"
"02/17/2020","973.10","969.10","975.35","967.50","","0.39%"
"02/16/2020","969.35","967.30","969.50","966.80","","0.20%"
"02/14/2020","967.40","971.90","979.10","965.75","","-0.47%"
"02/13/2020","972.00","963.75","977.55","963.45","","0.84%"
"02/12/2020","963.95","971.80","975.05","957.25","","-0.80%"
"02/11/2020","971.75","965.35","977.00","962.85","","0.65%"
"02/10/2020","965.45","970.05","978.00","956.40","","-0.47%"
"02/09/2020","970.00","970.15","972.60","969.15","","-0.02%"
"02/07/2020","970.15","968.80","978.70","961.15","","0.13%"
"02/06/2020","968.90","984.20","991.65","963.30","","-1.55%"
"02/05/2020","984.20","966.85","989.30","963.50","","1.82%"
"02/04/2020","966.65","971.10","985.20","960.95","","-0.48%"
"02/03/2020","971.30","967.45","976.10","954.30","","0.32%"
"02/02/2020","968.25","962.65","969.50","961.30","","0.58%"
"01/31/2020","962.65","981.30","986.90","959.55","","-1.96%"
"01/30/2020","981.85","982.50","985.00","965.55","","-0.07%"
"01/29/2020","982.50","990.80","1000.25","974.25","","-0.83%"
"01/28/2020","990.70","991.10","996.80","983.65","","-0.06%"
"01/27/2020","991.30","1003.80","1005.80","987.40","","-1.27%"
"01/26/2020","1004.05","1010.55","1015.05","1003.10","","-0.61%"
"01/24/2020","1010.25","1009.00","1021.90","1004.25","","0.12%"
"01/23/2020","1009.05","1022.65","1025.35","1001.15","","-1.33%"
"01/22/2020","1022.60","1000.90","1023.70","995.85","","2.18%"
"01/21/2020","1000.80","1026.60","1030.45","993.85","","-2.48%"
"01/20/2020","1026.30","1031.40","1034.75","1013.60","","-0.41%"
"01/19/2020","1030.50","1028.05","1031.50","1024.70","","0.34%"
"01/17/2020","1027.05","1015.65","1033.40","1008.60","","1.16%"
"01/16/2020","1015.30","1032.25","1046.55","999.60","","-1.57%"
"01/15/2020","1031.50","989.90","1031.50","988.90","","4.27%"
"01/14/2020","989.25","981.20","990.55","970.25","","0.88%"
"01/13/2020","980.60","983.10","984.60","969.15","","-0.12%"
"01/12/2020","981.75","984.25","984.85","980.60","","-0.26%"
"01/10/2020","984.30","974.05","988.50","967.35","","1.10%"
"01/09/2020","973.60","960.90","976.40","952.85","","1.31%"
"01/08/2020","961.00","977.75","982.05","957.40","","-1.71%"
"01/07/2020","977.75","969.35","981.60","961.65","","0.87%"
"01/06/2020","969.35","989.95","998.90","960.70","","-2.02%"
"01/05/2020","989.30","988.55","997.35","988.55","","0.08%"
"01/03/2020","988.55","987.40","1001.15","985.00","","0.17%"
"01/02/2020","986.90","976.15","998.25","972.00","","1.17%"
"01/01/2020","975.50","973.55","976.60","972.65","","0.37%"
"12/31/2019","971.90","965.65","990.50","965.20","","0.74%"
"12/30/2019","964.75","956.90","967.90","954.50","","0.92%"